{
  "environments": {
    "development": {
      "host": "localhost",
      "port": 3000,
      "healthCheckUrl": "http://localhost:3000/health",
      "deployPath": "./dist"
    },
    "staging": {
      "host": "staging.example.com",
      "port": 80,
      "healthCheckUrl": "http://staging.example.com/health",
      "deployPath": "/var/www/staging",
      "backupPath": "/var/backups/staging"
    },
    "production": {
      "host": "production.example.com",
      "port": 80,
      "healthCheckUrl": "http://production.example.com/health",
      "deployPath": "/var/www/production",
      "backupPath": "/var/backups/production",
      "ssl": {
        "enabled": true,
        "certPath": "/etc/ssl/certs/production.crt",
        "keyPath": "/etc/ssl/private/production.key"
      }
    }
  },
  "healthCheckTimeout": 30000,
  "healthCheckInterval": 5000,
  "maxRetries": 3,
  "rollbackRetention": 5,
  "buildOptions": {
    "parallel": true,
    "cache": true,
    "minify": true,
    "sourceMap": true
  },
  "notifications": {
    "slack": {
      "enabled": false,
      "webhookUrl": "https://hooks.slack.com/services/YOUR/SLACK/WEBHOOK",
      "channel": "#deployments"
    },
    "email": {
      "enabled": false,
      "smtpServer": "smtp.gmail.com",
      "smtpPort": 587,
      "username": "your-email@gmail.com",
      "password": "your-app-password",
      "to": ["admin@example.com"]
    }
  },
  "security": {
    "maxDeploymentSize": "100MB",
    "allowedFileTypes": [".html", ".css", ".js", ".png", ".jpg", ".gif", ".svg", ".ico", ".json"],
    "virusScan": false,
    "contentSecurityPolicy": {
      "enabled": true,
      "policy": "default-src 'self'; script-src 'self' 'unsafe-inline' 'unsafe-eval'; style-src 'self' 'unsafe-inline'; img-src 'self' data: https:; font-src 'self' data:; connect-src 'self' ws: wss:;"
    }
  },
  "performance": {
    "cdn": {
      "enabled": false,
      "provider": "cloudflare",
      "zoneId": "your-zone-id",
      "apiToken": "your-api-token"
    },
    "compression": {
      "enabled": true,
      "algorithms": ["gzip", "brotli"],
      "level": 6
    },
    "caching": {
      "staticAssets": "1y",
      "html": "no-cache",
      "api": "5m"
    }
  },
  "monitoring": {
    "enabled": true,
    "metrics": {
      "collectionInterval": "15s",
      "retention": "30d"
    },
    "alerting": {
      "responseTimeThreshold": 2000,
      "errorRateThreshold": 0.05,
      "cpuThreshold": 80,
      "memoryThreshold": 80,
      "diskThreshold": 90
    }
  },
  "backup": {
    "enabled": true,
    "schedule": "0 2 * * *",
    "retentionDays": 30,
    "compression": true,
    "encryption": false,
    "remote": {
      "enabled": false,
      "provider": "aws-s3",
      "bucket": "your-backup-bucket",
      "region": "us-east-1"
    }
  }
}