{
  "strategies": {
    "automatic": {
      "enabled": true,
      "triggers": [
        "health_check_failed",
        "response_time_slow",
        "error_rate_high",
        "deployment_validation_failed",
        "service_down",
        "high_memory_usage",
        "high_cpu_usage",
        "disk_space_low"
      ],
      "maxRollbackAttempts": 3,
      "rollbackTimeout": 300000,
      "validationTimeout": 60000,
      "notification": {
        "slack": true,
        "email": true,
        "webhook": false
      }
    },
    "manual": {
      "confirmationRequired": true,
      "confirmationTimeout": 30000,
      "requireTwoFactor": false,
      "approvalChain": ["team-leader", "devops"]
    }
  },
  "environments": {
    "development": {
      "autoRollback": true,
      "backupRetention": 3,
      "immediateRollback": true,
      "notificationLevel": "info"
    },
    "staging": {
      "autoRollback": true,
      "backupRetention": 5,
      "immediateRollback": false,
      "notificationLevel": "warning"
    },
    "production": {
      "autoRollback": false,
      "backupRetention": 10,
      "immediateRollback": false,
      "notificationLevel": "critical",
      "requireApproval": true,
      "escalationTimeout": 300
    }
  },
  "thresholds": {
    "healthCheck": {
      "maxFailures": 3,
      "timeout": 10000
    },
    "responseTime": {
      "warning": 2000,
      "critical": 5000,
      "measurementPeriod": "5m"
    },
    "errorRate": {
      "warning": 0.01,
      "critical": 0.05,
      "measurementPeriod": "5m"
    },
    "resourceUsage": {
      "cpu": {
        "warning": 70,
        "critical": 90,
        "measurementPeriod": "10m"
      },
      "memory": {
        "warning": 80,
        "critical": 95,
        "measurementPeriod": "5m"
      },
      "disk": {
        "warning": 80,
        "critical": 90,
        "measurementPeriod": "1m"
      }
    }
  },
  "notifications": {
    "preRollback": {
      "enabled": true,
      "channels": ["slack", "email"],
      "message": "⚠️ 自动回滚即将执行\n环境: {environment}\n原因: {reason}\n目标版本: {targetVersion}\n确认请在 {timeout} 秒内回复 'CONFIRM'"
    },
    "postRollback": {
      "enabled": true,
      "channels": ["slack", "email"],
      "message": "✅ 回滚完成\n环境: {environment}\n目标版本: {targetVersion}\n耗时: {duration}\n状态: {status}"
    },
    "rollbackFailure": {
      "enabled": true,
      "channels": ["slack", "email", "pagerduty"],
      "message": "❌ 回滚失败\n环境: {environment}\n错误: {error}\n需要人工干预"
    }
  },
  "validation": {
    "preRollback": {
      "enabled": true,
      "checks": [
        "backup_exists",
        "target_version_valid",
        "disk_space_sufficient",
        "service_availability"
      ]
    },
    "postRollback": {
      "enabled": true,
      "checks": [
        "service_responding",
        "health_check_passing",
        "basic_functionality",
        "performance_metrics"
      ],
      "timeout": 300000,
      "retryInterval": 10000
    }
  },
  "logging": {
    "enabled": true,
    "level": "info",
    "file": "./logs/rollback.log",
    "maxSize": "100MB",
    "maxFiles": 5,
    "format": "json"
  },
  "audit": {
    "enabled": true,
    "retentionDays": 365,
    "fields": [
      "timestamp",
      "environment",
      "trigger",
      "targetVersion",
      "initiator",
      "duration",
      "success",
      "error"
    ]
  }
}